Listener_ID,The_Daily,Up_First,BBC_Global_News,Today_in_Focus,NPR_Politics,Lex_Fridman,Waveform_MKBHD,Darknet_Diaries,How_I_Built_This,Radiolab,Huberman_Lab,The_Mindset_Mentor,The_Happiness_Lab,Tim_Ferriss_Show
L0001,1.5,4.5,3.0,4.0,3.5,4.5,4.5,3.0,4.5,4.0,,4.5,,5.0
L0002,2.5,3.0,2.0,3.5,3.0,4.5,,,,3.5,5.0,4.5,4.0,4.5
L0003,1.0,3.0,1.5,1.0,1.0,1.0,1.0,1.0,1.0,1.0,1.0,2.5,1.5,1.0
L0004,1.0,2.5,2.5,1.0,2.0,1.0,1.0,1.0,1.5,1.0,2.0,3.0,1.0,2.0
L0005,4.5,4.0,3.5,4.0,5.0,1.0,2.5,2.0,3.5,2.0,3.0,2.5,3.0,1.0
L0006,2.0,3.0,2.5,2.5,3.5,1.0,2.0,1.5,2.5,2.5,2.5,3.5,2.0,1.5
L0007,3.0,3.5,3.0,3.5,3.5,3.5,,4.5,4.5,3.5,3.0,3.5,2.5,2.5
L0008,2.5,2.5,1.0,1.5,2.0,1.0,2.5,1.5,2.5,1.5,1.0,1.0,1.0,1.0
L0009,2.0,3.5,3.5,4.0,2.5,2.0,3.0,3.0,2.5,2.5,,3.0,2.5,3.0
L0010,1.5,2.5,1.5,1.0,2.5,2.0,2.5,1.5,2.5,2.5,,,,2.5
L0011,3.5,5.0,4.5,5.0,4.5,4.5,2.5,3.0,2.5,4.5,4.5,5.0,2.5,2.5
L0012,4.5,5.0,,3.0,5.0,3.5,4.0,3.5,5.0,3.5,4.5,2.5,3.0,3.0
L0013,2.5,3.5,3.5,3.0,3.5,2.0,2.0,3.0,3.0,2.0,1.0,2.0,2.0,
L0014,3.5,,4.0,4.5,4.5,3.0,3.5,4.5,3.5,,,4.0,3.0,
L0015,2.5,2.5,2.5,2.0,2.5,5.0,4.0,3.0,5.0,3.0,4.5,3.5,2.0,3.5
L0016,3.5,3.5,2.5,3.0,3.0,1.0,1.0,2.5,3.0,2.5,3.5,2.5,3.5,1.0
L0017,2.0,4.0,2.0,3.5,2.5,2.0,3.0,2.5,2.5,4.0,4.5,4.5,3.0,4.0
L0018,3.0,3.0,3.5,1.5,4.5,2.5,3.5,4.0,5.0,3.0,3.5,3.0,3.5,3.5
L0019,,3.0,3.0,3.5,3.5,3.5,3.0,,4.0,,,2.0,2.0,2.5
L0020,1.0,2.0,1.0,1.0,1.5,3.5,4.0,2.0,,,3.5,3.5,3.0,3.0
L0021,1.5,1.5,1.0,1.0,3.0,1.5,1.5,1.0,2.0,2.0,1.5,1.5,2.5,2.0
L0022,4.5,3.5,,,4.5,5.0,4.0,4.5,5.0,5.0,5.0,3.5,4.5,5.0
L0023,1.5,2.0,1.5,1.5,2.5,4.5,3.5,3.5,,4.5,5.0,4.5,4.0,4.5
L0024,3.5,3.5,3.5,3.0,4.5,5.0,,,5.0,4.0,2.5,2.5,2.0,4.0
L0025,3.5,4.5,4.0,3.5,5.0,1.5,,2.5,1.5,2.5,5.0,5.0,5.0,3.0
L0026,4.5,5.0,,5.0,5.0,2.5,3.0,2.5,3.0,2.0,2.5,3.5,2.0,2.5
L0027,1.5,1.5,1.0,1.0,1.0,2.0,3.0,3.0,4.0,2.5,2.0,1.0,3.0,1.5
L0028,4.5,5.0,,3.0,5.0,2.0,1.0,,2.5,3.5,2.0,2.0,1.0,2.5
L0029,3.0,4.0,3.5,4.5,5.0,5.0,4.0,3.5,4.0,3.5,4.5,1.0,2.5,2.5
L0030,3.5,5.0,3.5,5.0,4.5,3.0,2.0,3.0,3.0,2.0,1.5,2.0,3.5,1.5
L0031,3.5,3.5,3.5,3.5,3.5,3.0,4.0,3.0,3.0,5.0,3.5,3.5,2.5,2.5
L0032,2.5,4.0,2.0,2.0,3.5,3.5,2.5,4.0,3.0,3.5,5.0,3.5,3.5,4.0
L0033,2.5,2.5,3.0,,3.0,,5.0,4.0,4.0,4.5,5.0,5.0,4.5,5.0
L0034,4.5,4.0,3.5,4.5,,1.5,4.0,3.5,4.5,3.5,5.0,3.5,4.0,
L0035,2.0,,2.5,,3.0,,2.5,1.5,3.0,2.5,2.5,4.0,3.0,
L0036,5.0,5.0,4.5,4.5,5.0,5.0,5.0,4.0,5.0,5.0,5.0,5.0,5.0,
L0037,3.0,3.0,3.5,3.5,5.0,,4.0,3.0,3.0,2.5,2.5,2.5,1.5,2.0
L0038,3.0,3.0,2.0,2.5,3.5,1.0,3.0,2.0,3.5,2.0,1.5,2.0,,2.0
L0039,,3.5,3.0,3.0,2.5,2.0,4.0,3.0,3.5,2.5,3.5,2.5,3.5,2.0
L0040,2.0,2.5,3.5,4.0,4.5,1.0,2.0,2.0,2.0,1.5,3.5,2.0,2.5,2.0
L0041,3.5,3.5,3.5,4.0,5.0,5.0,3.0,4.0,4.0,4.0,5.0,4.5,4.5,
L0042,5.0,4.0,3.5,,5.0,5.0,5.0,5.0,5.0,5.0,5.0,5.0,,
L0043,3.0,,3.5,5.0,3.5,5.0,3.5,4.0,5.0,4.5,5.0,,4.0,5.0
L0044,2.5,3.5,2.5,3.5,5.0,2.5,2.0,2.0,2.5,1.5,3.5,3.0,2.0,3.0
L0045,5.0,5.0,4.5,4.5,3.5,1.0,1.0,1.5,2.0,2.5,2.5,3.0,2.5,1.5
L0046,3.5,5.0,4.0,5.0,5.0,2.0,3.0,3.5,4.0,4.0,3.5,1.5,1.5,3.0
L0047,3.5,3.5,2.0,2.5,3.5,3.5,,3.5,,4.5,5.0,4.0,3.5,4.0
L0048,2.5,4.5,2.5,3.5,5.0,1.0,2.0,2.0,2.5,2.0,2.0,3.5,2.5,3.0
L0049,2.0,2.5,1.5,2.0,2.0,,2.5,,2.0,2.0,,,5.0,1.5
L0050,2.5,3.0,3.0,2.0,,,3.5,3.0,3.0,5.0,,4.0,1.5,5.0
L0051,1.5,1.5,1.0,2.0,1.5,2.5,3.0,3.0,4.5,3.5,,5.0,,5.0
L0052,3.0,2.5,,5.0,2.5,3.0,5.0,4.0,4.5,4.0,5.0,,4.5,3.5
L0053,,2.5,,,3.0,1.0,,1.5,2.0,1.5,1.0,1.0,1.0,1.0
L0054,1.5,1.5,1.5,2.0,1.0,3.0,3.0,4.0,4.0,4.0,,2.0,2.5,
L0055,4.5,4.5,3.0,4.0,5.0,1.0,2.0,1.5,2.0,2.5,2.5,,3.5,2.0
L0056,3.0,3.5,3.5,3.5,2.5,,,3.0,,,3.5,2.0,2.0,3.0
L0057,4.5,5.0,4.5,4.0,5.0,5.0,3.5,3.5,4.0,5.0,5.0,5.0,3.5,5.0
L0058,1.5,1.5,1.0,1.0,2.5,2.0,1.5,2.0,4.0,1.5,3.5,3.5,3.5,2.5
L0059,2.0,3.5,2.5,3.5,4.5,3.0,3.5,2.5,2.5,3.0,4.5,4.5,2.5,4.0
L0060,3.5,4.0,3.0,2.5,3.0,,4.0,,5.0,,4.5,3.0,,5.0
L0061,2.0,3.0,2.0,1.0,3.0,2.0,3.5,2.5,,,5.0,5.0,3.5,4.5
L0062,2.5,4.0,,4.0,3.5,5.0,5.0,4.5,5.0,4.0,3.5,2.5,4.5,
L0063,3.0,,4.0,4.5,,5.0,5.0,5.0,5.0,4.5,5.0,4.5,5.0,5.0
L0064,2.5,,,3.0,2.5,4.5,3.0,3.0,4.0,3.5,3.0,4.0,3.0,4.0
L0065,,4.0,3.5,3.5,4.5,3.0,4.0,4.5,5.0,4.5,4.5,3.5,2.5,3.5
L0066,2.0,3.5,2.5,3.5,1.0,4.5,5.0,4.5,5.0,4.5,5.0,5.0,4.0,4.0
L0067,4.5,3.0,3.0,3.5,3.5,1.5,2.5,2.5,3.5,2.5,2.5,4.0,3.5,3.5
L0068,1.5,3.0,2.5,3.5,3.0,2.0,1.5,2.0,2.0,,2.5,4.0,4.0,3.5
L0069,2.0,2.5,2.0,2.0,3.0,2.5,4.0,2.0,2.0,4.0,3.0,3.5,2.5,2.5
L0070,2.0,3.5,1.5,3.5,3.5,1.5,1.5,1.0,,2.5,1.0,1.5,1.0,2.0
L0071,3.5,4.0,4.0,4.0,3.0,4.5,5.0,4.5,4.5,3.5,5.0,4.5,4.5,4.5
L0072,2.0,3.0,1.5,2.0,1.5,2.0,2.0,1.5,3.5,3.5,2.5,,3.0,
L0073,3.5,5.0,4.0,3.0,5.0,5.0,,4.5,,5.0,5.0,3.5,3.0,4.0
L0074,1.0,2.0,2.5,2.5,3.0,3.0,2.5,2.5,3.5,3.0,2.5,2.5,3.0,
L0075,4.5,5.0,3.5,4.0,5.0,5.0,5.0,5.0,5.0,5.0,5.0,5.0,5.0,5.0
L0076,2.5,3.5,2.5,2.5,2.5,5.0,3.0,5.0,5.0,4.5,5.0,2.5,4.0,5.0
L0077,1.5,2.5,,,2.5,1.0,1.5,1.0,1.5,2.0,1.0,1.0,1.0,
L0078,3.5,4.5,3.5,2.5,3.5,,2.5,3.5,5.0,4.5,5.0,4.0,5.0,5.0
L0079,2.5,4.5,1.5,5.0,3.5,,3.5,4.5,4.5,5.0,5.0,3.5,3.5,5.0
L0080,3.0,4.0,3.0,,5.0,2.5,3.0,1.5,3.5,2.0,5.0,,3.5,3.5
L0081,1.5,2.0,1.0,3.0,1.0,,2.5,1.5,,,3.0,2.5,,2.0
L0082,2.5,5.0,3.5,3.0,3.0,3.5,2.5,,4.0,2.0,3.0,4.5,4.0,
L0083,3.5,4.5,4.0,4.0,5.0,3.5,2.0,2.5,3.5,3.5,,,3.0,3.5
L0084,2.5,,2.0,2.0,3.0,5.0,4.0,5.0,5.0,4.0,5.0,,4.0,5.0
L0085,5.0,5.0,5.0,5.0,5.0,,,5.0,5.0,,5.0,4.5,4.0,5.0
L0086,3.5,5.0,3.0,3.0,3.5,1.5,2.5,2.0,2.0,4.0,3.0,2.0,3.0,2.5
L0087,2.0,2.5,2.0,3.5,3.0,3.0,3.0,2.0,2.5,3.5,5.0,5.0,2.5,3.0
L0088,2.5,,3.0,2.5,5.0,,,4.0,,2.5,1.5,1.5,1.0,1.5
L0089,2.5,3.5,,3.5,3.5,,1.5,2.0,4.0,,1.0,1.0,,1.0
L0090,2.0,2.5,1.0,,4.5,,3.0,1.0,3.0,3.5,2.5,,1.0,2.0
L0091,2.0,3.5,2.5,4.5,,4.5,3.0,2.5,4.5,4.0,2.5,2.5,,3.0
L0092,1.5,1.0,1.0,,1.5,2.0,1.5,,2.0,1.0,2.0,1.5,1.5,1.0
L0093,4.5,5.0,3.5,,3.5,4.5,4.5,3.5,5.0,3.0,1.5,3.0,2.5,
L0094,,3.5,1.5,3.5,2.5,3.0,,3.0,2.0,3.0,3.5,3.5,4.0,3.0
L0095,3.5,3.5,3.5,3.0,5.0,3.5,2.5,2.5,3.5,4.0,2.5,3.5,,2.5
L0096,3.0,4.5,,,5.0,5.0,4.0,,5.0,5.0,5.0,5.0,5.0,5.0
L0097,2.0,4.0,2.5,2.5,3.0,1.0,2.0,1.5,,2.0,1.5,1.0,,1.0
L0098,2.5,2.5,2.0,2.5,3.0,5.0,4.0,4.0,4.0,3.5,5.0,3.0,3.0,3.0
L0099,3.0,3.5,3.5,3.0,4.5,,,3.5,5.0,4.5,5.0,2.5,3.0,4.5
L0100,2.0,4.0,2.0,2.0,3.0,,2.5,1.0,1.5,1.0,1.5,2.0,2.0,1.0
L0101,3.5,5.0,3.0,,5.0,3.5,5.0,3.5,5.0,4.5,2.5,1.5,3.5,3.0
L0102,,2.5,1.0,2.0,1.5,,3.5,1.5,5.0,2.5,2.5,2.0,2.0,2.0
L0103,2.5,4.0,1.5,3.5,3.5,1.0,2.5,2.0,2.5,1.5,2.5,3.5,3.5,2.5
L0104,3.5,5.0,3.5,3.5,5.0,,4.5,4.0,5.0,4.0,4.5,2.5,2.0,3.0
L0105,1.5,1.5,1.0,1.0,1.5,3.0,4.0,3.0,2.5,2.5,3.5,3.0,1.5,3.5
L0106,1.5,1.0,1.0,2.0,2.0,1.0,1.5,1.0,2.0,1.5,2.5,2.5,3.0,2.0
L0107,3.0,4.5,,2.0,5.0,1.0,1.0,1.0,1.5,1.0,,3.5,2.0,1.0
L0108,2.5,4.5,2.0,2.5,3.5,2.0,2.0,1.5,3.0,2.5,3.0,,,
L0109,2.0,3.5,3.0,,3.5,2.5,1.5,2.5,4.0,3.5,,2.5,2.5,2.5
L0110,1.5,2.0,1.0,2.5,2.0,3.0,2.0,3.0,4.5,4.0,3.5,3.5,2.0,2.5
L0111,,,,3.5,4.5,3.5,3.0,3.0,4.5,3.5,5.0,4.5,4.5,5.0
L0112,,2.5,1.5,3.0,,1.5,3.5,,1.5,3.0,3.5,,1.5,3.5
L0113,5.0,4.5,3.5,4.5,5.0,5.0,3.5,4.5,,5.0,5.0,4.5,4.0,5.0
L0114,2.0,3.0,1.0,2.0,2.0,1.0,1.5,1.0,2.5,1.0,1.0,1.0,1.0,1.0
L0115,2.5,5.0,3.0,3.0,4.5,5.0,5.0,4.0,5.0,3.5,5.0,5.0,5.0,4.5
L0116,1.5,2.5,1.5,1.5,3.0,3.0,2.5,2.0,4.0,3.0,3.5,3.0,4.0,3.5
L0117,3.0,4.5,,5.0,5.0,,4.0,4.5,5.0,5.0,5.0,5.0,3.5,5.0
L0118,,3.5,,,,,2.5,3.0,3.5,3.0,1.5,3.0,2.0,2.5
L0119,3.5,4.0,3.5,2.5,4.5,2.0,4.5,4.5,3.5,5.0,5.0,4.5,3.5,4.0
L0120,3.5,3.5,1.5,3.0,3.5,1.5,3.5,1.0,1.0,2.5,,3.5,,3.0
L0121,5.0,3.0,3.5,,5.0,3.0,2.0,4.0,,4.0,5.0,4.5,4.5,4.5
L0122,5.0,5.0,4.0,4.5,5.0,1.0,3.0,2.0,2.5,1.0,1.5,2.5,1.0,2.0
L0123,5.0,5.0,5.0,5.0,5.0,2.0,4.0,3.5,5.0,5.0,5.0,5.0,4.5,4.0
L0124,3.5,,2.5,3.0,3.5,4.5,3.5,3.0,3.5,3.0,5.0,4.5,3.5,4.5
L0125,3.5,,4.0,3.0,,5.0,4.0,4.5,,,5.0,5.0,5.0,5.0
L0126,2.5,3.5,3.5,3.5,3.5,3.0,4.0,3.5,3.5,3.0,5.0,4.0,3.0,3.0
L0127,1.5,3.0,2.0,1.0,1.5,3.0,4.0,3.0,3.5,,,2.0,1.5,2.0
L0128,1.0,2.5,1.0,1.0,1.0,1.5,2.0,1.5,1.5,2.0,,2.0,1.0,
L0129,2.5,3.0,,,,3.0,2.5,3.5,4.5,2.5,,2.5,2.5,2.0
L0130,3.0,3.5,4.0,2.5,4.5,1.0,1.0,1.0,1.5,1.5,3.5,4.0,2.5,1.5
L0131,5.0,5.0,5.0,5.0,5.0,3.5,5.0,4.0,4.5,5.0,5.0,2.5,3.0,5.0
L0132,3.0,3.5,2.0,3.5,2.5,3.5,3.5,2.0,3.5,3.5,2.0,3.5,4.0,3.5
L0133,1.5,3.0,1.0,,2.5,1.0,3.0,,2.5,2.0,1.5,2.5,2.5,1.0
L0134,,3.5,3.5,,3.5,1.0,3.5,,3.0,2.5,3.5,3.0,3.5,2.5
L0135,2.5,3.0,2.0,3.0,4.5,1.0,1.5,1.0,2.5,1.5,1.0,2.0,2.5,1.0
L0136,3.0,,2.5,3.5,3.5,3.0,3.5,3.5,4.0,4.5,5.0,,5.0,4.5
L0137,3.0,4.0,3.0,3.0,2.5,,1.0,1.0,2.5,2.0,2.5,2.5,1.5,1.0
L0138,4.5,4.0,,4.5,,4.5,3.0,4.0,3.5,4.5,5.0,2.0,2.5,3.5
L0139,3.5,4.0,3.0,3.0,3.5,5.0,5.0,4.5,,4.5,3.5,4.0,3.5,3.0
L0140,2.5,,2.5,3.0,3.5,3.0,3.5,4.0,4.0,3.0,,,2.5,
L0141,1.5,2.5,2.0,1.0,1.5,1.0,3.0,1.0,2.0,1.0,2.5,2.0,1.0,1.0
L0142,3.5,5.0,3.0,,5.0,2.0,2.5,,,2.5,5.0,5.0,,3.5
L0143,3.0,,2.5,,2.5,3.5,2.5,2.5,5.0,4.0,3.5,2.5,3.0,2.5
L0144,4.5,4.5,3.0,,5.0,4.5,3.0,3.0,3.0,3.5,2.0,4.0,2.5,4.0
L0145,3.5,3.5,3.5,3.5,4.5,3.0,2.0,2.5,2.5,2.0,3.0,,2.0,2.5
L0146,,3.0,2.5,2.5,3.5,2.5,2.0,2.0,3.0,2.5,4.5,1.5,4.0,3.0
L0147,3.0,4.0,3.0,3.5,,1.0,2.0,1.0,2.0,,3.0,,,
L0148,3.5,4.0,5.0,4.0,5.0,5.0,4.0,5.0,,5.0,5.0,5.0,4.5,5.0
L0149,1.0,2.0,1.0,2.0,2.0,1.5,3.0,1.0,1.0,2.5,3.5,2.0,1.5,1.0
L0150,1.5,1.5,2.5,2.0,1.5,1.0,2.0,2.0,2.5,2.5,2.0,1.5,2.0,1.0
L0151,1.5,2.0,2.5,2.0,3.0,2.0,2.5,1.5,2.0,1.5,3.0,2.5,2.0,1.5
L0152,5.0,5.0,5.0,,5.0,4.5,5.0,4.5,5.0,4.0,5.0,3.5,3.5,5.0
L0153,3.0,,4.0,3.5,4.5,4.5,4.0,3.5,4.0,3.5,5.0,5.0,,5.0
L0154,3.0,3.5,2.0,3.5,5.0,3.0,3.0,3.0,4.0,4.5,5.0,5.0,5.0,5.0
L0155,3.5,4.5,3.5,4.0,4.5,5.0,2.0,3.0,4.0,5.0,5.0,4.0,4.0,3.5
L0156,2.0,2.5,1.0,1.0,3.0,1.5,1.5,2.5,3.0,2.0,2.5,3.0,3.0,3.0
L0157,3.5,4.5,3.5,3.5,3.5,3.0,,2.0,3.0,3.0,4.5,5.0,3.5,4.0
L0158,3.0,3.5,2.5,5.0,3.5,2.5,,,4.0,4.0,2.5,3.0,2.0,3.5
L0159,,2.5,3.0,2.5,3.0,1.5,2.5,1.5,2.0,2.0,,,1.5,1.5
L0160,3.0,4.0,4.5,3.5,3.5,,3.5,2.0,3.0,4.0,5.0,4.0,3.5,3.5
L0161,4.5,4.0,3.5,3.5,3.5,1.5,1.0,2.0,1.5,2.0,2.5,2.5,2.5,1.5
L0162,2.0,3.0,2.5,3.0,4.5,5.0,2.0,2.5,2.0,4.0,4.5,2.5,3.0,3.0
L0163,3.0,3.5,2.5,4.5,5.0,2.0,4.0,3.5,4.0,,5.0,5.0,2.5,4.0
L0164,2.5,2.0,1.5,1.5,2.5,3.0,4.0,2.5,4.0,3.0,5.0,5.0,4.0,3.5
L0165,2.0,3.0,3.0,3.5,3.0,4.5,4.0,4.0,4.0,3.5,5.0,5.0,5.0,5.0
L0166,,,4.5,4.5,5.0,4.5,4.5,4.0,5.0,4.0,4.5,,4.0,3.0
L0167,1.5,2.5,1.5,1.5,3.0,1.0,3.0,1.0,,1.0,,2.5,1.0,1.0
L0168,3.5,3.5,3.0,4.0,4.5,5.0,4.5,,5.0,4.0,5.0,2.5,3.0,4.0
L0169,2.0,3.5,2.0,4.0,4.5,4.5,3.5,4.0,3.0,4.5,2.5,2.5,3.5,3.0
L0170,3.5,3.0,2.5,4.0,5.0,2.5,3.5,2.5,3.5,4.0,4.5,4.5,4.0,4.5
L0171,3.0,3.5,4.0,2.5,3.5,,,3.5,4.0,3.0,5.0,,4.0,
L0172,2.5,2.5,1.5,3.5,4.5,2.5,1.0,1.0,2.5,3.0,2.5,3.5,3.0,2.5
L0173,3.0,4.0,,3.5,2.5,3.5,3.0,,3.0,3.0,5.0,5.0,4.5,4.5
L0174,3.0,3.0,4.0,4.0,,4.5,4.5,4.0,5.0,5.0,5.0,4.5,4.5,5.0
L0175,2.5,3.0,1.5,2.5,3.0,1.0,2.5,1.5,2.0,1.5,1.0,1.5,1.0,1.0
L0176,5.0,5.0,5.0,5.0,5.0,3.0,3.0,3.5,4.0,4.5,4.5,4.5,5.0,4.5
L0177,5.0,5.0,5.0,,5.0,3.5,,4.5,5.0,5.0,5.0,,4.5,
L0178,5.0,5.0,5.0,5.0,5.0,,5.0,4.5,5.0,5.0,5.0,5.0,5.0,4.5
L0179,5.0,5.0,5.0,4.0,5.0,5.0,5.0,5.0,5.0,5.0,5.0,5.0,5.0,5.0
L0180,,3.0,2.0,3.0,3.5,4.5,3.5,4.0,5.0,4.5,5.0,2.0,2.0,4.0
L0181,4.5,4.0,4.0,4.0,4.5,3.0,2.5,3.5,3.5,5.0,4.5,4.0,4.0,4.0
L0182,3.5,3.5,4.0,5.0,5.0,5.0,3.0,3.5,3.5,5.0,5.0,5.0,,4.5
L0183,2.0,3.5,,,3.5,3.5,3.5,3.5,5.0,5.0,5.0,4.0,3.5,5.0
L0184,2.5,3.5,3.5,3.0,4.5,,2.0,,3.5,3.0,2.5,4.0,,4.0
L0185,5.0,5.0,3.5,5.0,5.0,3.0,,2.0,4.0,3.5,2.0,,,2.5
L0186,1.5,2.0,2.0,2.5,2.0,3.0,3.5,2.5,2.0,3.5,5.0,4.0,5.0,3.5
L0187,2.0,3.0,1.0,3.5,4.5,3.0,3.0,3.5,4.5,3.0,2.0,2.0,1.0,1.0
L0188,2.0,2.5,2.5,2.5,2.5,1.0,3.0,1.5,3.5,2.5,5.0,3.5,2.5,3.0
L0189,3.0,4.5,3.0,3.5,5.0,5.0,5.0,3.5,4.0,4.0,5.0,5.0,4.5,5.0
L0190,2.5,2.5,2.0,2.5,2.5,1.5,1.0,2.5,,2.5,3.0,1.5,3.0,2.5
L0191,3.5,4.5,3.5,4.0,3.5,3.5,3.5,4.0,5.0,4.0,3.5,3.0,1.5,3.5
L0192,4.5,,4.5,5.0,5.0,,5.0,3.5,4.5,3.5,5.0,4.5,3.0,5.0
L0193,3.0,4.5,3.5,4.5,5.0,5.0,5.0,,4.5,4.5,5.0,4.5,4.0,4.0
L0194,3.0,4.5,3.0,3.5,4.5,1.5,2.0,2.0,1.5,3.0,3.0,3.5,3.5,4.0
L0195,2.5,,,2.5,3.0,1.0,2.0,2.5,,3.0,3.5,2.5,,2.5
L0196,1.0,1.0,1.5,,2.0,1.0,2.0,1.0,1.5,1.0,1.5,1.0,1.0,
L0197,3.0,4.0,4.0,4.5,5.0,2.5,3.0,4.0,4.5,4.5,3.0,2.5,2.0,1.5
L0198,2.0,3.0,2.0,2.0,3.0,5.0,2.5,4.5,,3.0,5.0,5.0,2.5,4.5
L0199,2.0,,,3.0,,1.0,2.5,1.0,1.0,1.0,1.0,1.0,3.0,1.0
L0200,3.0,3.0,2.5,4.5,4.5,5.0,5.0,4.0,5.0,4.0,5.0,5.0,3.5,4.0
L0201,4.5,5.0,5.0,4.0,5.0,4.5,4.5,3.5,5.0,4.0,4.5,5.0,3.0,4.0
L0202,3.0,5.0,3.5,3.0,4.5,3.5,4.0,4.0,3.5,4.5,,4.0,5.0,
L0203,,5.0,5.0,5.0,5.0,4.5,3.5,4.0,5.0,5.0,,,5.0,
L0204,3.5,4.0,2.5,3.5,3.0,2.5,2.5,2.5,3.0,2.5,2.0,2.5,2.5,3.0
L0205,5.0,5.0,4.0,4.5,3.5,5.0,3.0,5.0,5.0,5.0,,,5.0,
L0206,2.0,3.5,3.0,4.0,4.5,3.5,4.5,2.5,3.5,3.5,5.0,3.5,4.0,2.5
L0207,2.0,2.0,2.5,3.0,3.0,2.5,1.0,,,1.5,4.5,3.0,3.0,2.5
L0208,4.5,4.5,4.5,4.5,,3.5,2.0,3.0,3.5,3.5,3.5,3.5,3.5,4.0
L0209,4.5,,3.5,3.5,5.0,2.5,2.5,,5.0,3.5,5.0,3.5,2.5,4.5
L0210,5.0,5.0,5.0,4.0,5.0,5.0,5.0,,5.0,5.0,5.0,2.0,4.0,5.0
L0211,1.5,2.5,2.5,2.5,3.5,2.5,3.0,3.0,3.5,3.5,4.5,4.5,3.0,3.5
L0212,1.5,2.5,1.5,1.0,3.0,3.5,2.0,3.0,,3.5,5.0,3.0,5.0,
L0213,2.5,5.0,3.5,3.5,3.0,1.0,1.0,1.0,1.0,1.0,2.0,3.0,2.5,1.0
L0214,2.0,,2.5,2.0,3.0,1.0,2.5,1.5,4.0,3.0,,5.0,3.5,
L0215,3.0,5.0,,5.0,3.5,2.5,4.0,2.5,3.0,2.0,3.0,3.5,3.5,2.5
L0216,2.5,,3.0,5.0,4.5,3.5,3.0,2.5,4.0,,5.0,3.0,4.0,2.0
L0217,3.0,4.0,,3.5,3.5,5.0,5.0,4.0,,5.0,4.5,4.0,4.5,3.5
L0218,3.0,3.0,2.5,3.5,3.5,5.0,5.0,4.5,5.0,3.0,3.0,3.5,2.5,2.0
L0219,3.0,4.5,3.0,4.0,4.5,3.5,3.0,3.0,4.5,3.0,5.0,4.5,4.0,4.0
L0220,3.5,3.0,1.5,,4.5,5.0,,3.5,3.5,4.5,2.5,2.5,2.0,3.0
L0221,5.0,5.0,4.5,3.0,,1.5,,1.5,2.5,1.0,,,5.0,
L0222,2.0,3.0,2.0,1.5,3.5,,4.5,4.0,5.0,3.5,4.5,4.5,3.5,3.5
L0223,3.0,3.0,3.5,3.0,2.5,5.0,2.0,4.5,3.0,5.0,5.0,4.5,3.0,3.5
L0224,,4.0,,4.5,,5.0,5.0,5.0,5.0,4.5,5.0,5.0,4.5,4.0
L0225,4.5,5.0,4.5,5.0,5.0,3.5,4.0,4.5,4.5,3.0,5.0,4.0,4.0,3.5
L0226,2.5,2.5,1.5,,2.5,2.5,4.0,3.0,4.5,2.0,4.5,,2.0,1.5
L0227,4.5,3.5,3.0,2.5,3.5,,4.5,2.5,4.5,,5.0,,,4.5
L0228,3.5,5.0,5.0,3.0,5.0,5.0,3.0,5.0,5.0,5.0,3.5,3.0,3.0,3.5
L0229,2.0,2.5,1.0,3.5,3.0,5.0,4.0,4.0,4.5,3.5,5.0,2.5,1.0,3.0
L0230,3.0,,3.0,2.0,2.5,2.0,,2.5,1.5,3.5,2.0,1.5,1.5,2.0
L0231,2.5,,2.5,1.0,3.0,1.0,1.5,1.0,1.0,2.0,,3.5,1.5,1.0
L0232,4.5,4.0,3.0,4.0,4.5,2.0,3.5,3.0,5.0,5.0,5.0,,5.0,5.0
L0233,1.0,1.5,1.0,2.0,1.0,4.5,4.5,3.0,4.0,2.5,3.5,1.5,1.5,3.0
L0234,5.0,5.0,5.0,5.0,5.0,5.0,5.0,5.0,5.0,4.5,5.0,4.5,5.0,5.0
L0235,2.5,4.5,2.5,3.0,4.5,3.0,3.0,2.5,4.0,2.5,3.5,3.5,4.0,3.0
L0236,2.0,2.5,1.0,1.5,2.5,1.0,1.0,1.5,1.0,,1.0,1.5,2.0,1.0
L0237,3.0,3.0,3.0,2.5,3.0,3.0,,3.0,3.0,2.5,3.5,3.0,3.5,2.5
L0238,3.0,4.0,3.5,2.5,5.0,1.0,2.5,1.5,3.0,2.5,2.5,2.5,2.0,3.0
L0239,2.0,2.0,1.5,2.0,,1.0,1.5,1.0,1.0,2.5,1.0,1.0,2.0,1.5
L0240,3.0,5.0,4.0,4.5,5.0,4.5,4.0,3.5,5.0,5.0,5.0,3.5,4.5,4.0
L0241,3.0,4.0,2.5,3.5,3.5,2.5,2.5,2.0,4.0,3.5,3.0,4.0,3.5,3.0
L0242,3.5,4.0,4.0,3.5,3.5,,2.5,3.0,4.0,,2.0,2.5,3.0,2.5
L0243,1.5,2.0,2.0,1.5,2.0,2.0,3.0,2.5,,,1.5,3.5,2.0,2.0
L0244,5.0,5.0,5.0,4.5,5.0,3.5,3.5,3.5,5.0,4.0,3.5,5.0,5.0,4.5
L0245,1.5,3.0,2.0,1.0,2.5,3.5,2.0,3.0,5.0,4.0,5.0,4.5,3.5,4.0
L0246,4.5,5.0,5.0,4.5,5.0,,5.0,,,5.0,4.5,5.0,,5.0
L0247,,2.5,2.5,3.5,2.5,3.0,2.0,2.5,4.0,5.0,3.5,3.5,4.5,2.5
L0248,5.0,5.0,4.5,4.5,5.0,5.0,5.0,5.0,5.0,5.0,5.0,4.5,5.0,5.0
L0249,2.0,1.5,,1.5,2.5,2.0,3.5,1.0,1.0,,1.5,1.5,,1.0
L0250,1.0,1.5,2.0,1.5,2.0,,2.0,1.0,2.5,2.0,3.5,3.5,2.0,2.0
L0251,3.5,4.5,3.0,5.0,5.0,3.5,4.5,4.0,5.0,5.0,5.0,4.0,3.0,2.0
L0252,1.5,2.0,1.5,,3.0,3.0,,3.5,3.5,4.0,3.5,3.5,4.0,3.5
L0253,3.5,3.5,3.5,3.0,2.5,2.5,3.0,2.5,4.5,3.0,,,2.5,
L0254,2.0,2.5,2.0,1.0,1.0,3.0,3.5,3.0,2.0,1.5,3.5,3.5,2.0,2.0
L0255,3.5,5.0,,4.5,5.0,3.5,3.0,4.5,3.5,5.0,3.0,3.0,,2.0
L0256,4.5,3.5,3.5,5.0,5.0,3.0,5.0,5.0,5.0,5.0,4.5,3.5,3.5,
L0257,3.5,2.0,4.0,3.5,,3.5,3.0,3.5,4.0,2.5,5.0,4.5,3.5,4.5
L0258,1.0,1.0,1.0,1.0,,1.0,1.0,1.0,1.0,1.0,1.0,2.0,2.5,1.0
L0259,4.5,4.0,3.0,4.0,5.0,5.0,,,,4.5,5.0,4.0,4.0,5.0
L0260,,4.0,,3.5,,2.0,4.5,4.0,5.0,3.5,5.0,3.0,3.0,
L0261,2.5,1.5,2.5,2.0,2.5,3.5,5.0,2.5,4.5,2.5,3.0,2.0,2.5,3.5
L0262,2.5,3.0,3.0,3.5,2.5,4.5,3.0,3.0,4.0,4.5,4.5,4.0,4.0,3.5
L0263,,3.5,,3.5,3.0,4.5,4.0,3.5,5.0,4.5,5.0,5.0,4.0,5.0
L0264,1.0,3.0,1.5,1.5,2.0,2.0,1.5,1.0,,1.0,2.5,2.5,2.0,1.0
L0265,2.5,3.5,2.5,2.5,3.5,4.5,3.0,4.0,5.0,4.5,3.5,4.5,3.5,3.5
L0266,1.0,2.0,1.0,2.0,2.0,2.0,2.5,1.0,1.5,1.0,3.0,2.5,3.5,1.0
L0267,4.5,5.0,5.0,5.0,3.5,5.0,5.0,5.0,5.0,5.0,4.5,3.5,,5.0
L0268,2.5,2.0,3.0,2.5,2.5,2.0,2.5,2.0,3.0,2.0,2.5,3.0,2.0,2.0
L0269,3.5,4.5,3.0,4.5,3.5,3.5,4.5,5.0,,4.5,,4.5,5.0,5.0
L0270,1.5,2.0,2.0,1.0,1.5,1.0,1.0,1.0,1.5,1.0,1.5,3.5,2.0,1.0
L0271,2.0,2.5,2.0,1.5,2.0,1.5,1.0,1.5,2.5,2.5,3.0,3.0,2.5,3.0
L0272,1.0,3.5,1.0,1.0,,1.0,1.0,1.0,2.5,2.0,4.5,4.0,,1.0
L0273,3.5,2.5,,2.0,,3.0,3.5,4.0,5.0,3.5,3.5,5.0,4.5,3.5
L0274,2.5,4.0,1.5,2.5,3.0,2.0,1.5,1.5,3.0,2.0,3.5,2.0,1.5,2.0
L0275,3.5,4.0,3.0,,5.0,4.5,5.0,4.5,4.0,3.0,3.0,3.5,2.5,3.0
L0276,3.5,4.5,3.5,2.5,5.0,,3.0,3.0,5.0,,5.0,4.0,5.0,4.0
L0277,4.5,4.5,4.5,2.5,4.5,2.5,3.0,3.0,4.0,,5.0,,4.0,3.5
L0278,3.0,3.5,3.5,3.0,3.5,3.0,4.5,5.0,5.0,4.0,5.0,5.0,3.5,5.0
L0279,2.5,3.5,3.0,3.5,2.5,3.0,2.0,2.0,2.0,2.0,5.0,5.0,3.5,5.0
L0280,3.0,3.5,2.0,2.5,2.0,2.0,1.5,2.0,3.0,,2.0,2.5,2.5,2.5
L0281,3.0,2.5,3.5,2.5,4.5,5.0,,,4.5,5.0,,3.5,5.0,5.0
L0282,1.5,3.0,1.5,1.5,2.5,1.0,2.5,2.0,3.5,1.5,4.5,4.0,5.0,3.0
L0283,4.5,4.5,5.0,5.0,5.0,5.0,4.5,5.0,5.0,4.5,5.0,4.0,4.5,4.5
L0284,5.0,4.0,4.0,4.0,4.5,5.0,4.0,5.0,5.0,5.0,5.0,4.0,4.5,5.0
L0285,2.5,3.0,3.5,3.0,3.5,3.0,3.5,3.5,4.0,3.0,3.5,2.5,2.0,2.0
L0286,1.5,2.5,1.5,1.0,3.0,3.5,4.5,3.5,3.0,3.0,3.0,2.0,2.0,2.0
L0287,,3.5,3.0,3.5,4.5,2.5,3.5,3.0,5.0,2.5,4.5,3.5,2.5,3.5
L0288,3.0,4.5,3.0,,5.0,5.0,3.0,2.5,,,5.0,,5.0,5.0
L0289,,,,4.0,4.5,2.5,4.0,4.5,4.5,4.5,4.5,3.0,3.5,4.0
L0290,2.5,3.5,2.5,2.5,2.0,3.5,2.0,3.5,5.0,4.0,5.0,,4.5,5.0
L0291,5.0,5.0,4.0,4.5,5.0,5.0,5.0,5.0,5.0,5.0,5.0,4.5,5.0,
L0292,1.5,3.5,1.5,2.5,2.0,3.5,4.0,5.0,4.5,5.0,5.0,4.0,5.0,4.5
L0293,3.0,3.0,2.0,2.5,3.0,1.0,3.5,1.0,2.0,1.0,2.0,2.0,1.5,1.0
L0294,,4.5,3.5,3.5,3.0,3.0,4.5,4.0,5.0,5.0,4.5,4.0,3.0,4.0
L0295,3.5,4.0,2.0,3.5,3.5,2.5,1.5,2.0,3.0,3.5,,3.0,3.0,2.5
L0296,2.5,4.5,3.0,3.5,5.0,1.5,2.5,2.5,3.5,2.0,4.5,1.0,3.0,2.5
L0297,5.0,4.0,3.0,3.0,4.5,3.0,,2.5,4.0,3.0,5.0,5.0,4.0,4.5
L0298,5.0,5.0,3.0,3.0,5.0,1.5,3.5,1.0,1.5,1.0,1.0,2.5,2.0,1.0
L0299,3.0,4.0,2.5,2.5,4.5,5.0,5.0,5.0,5.0,4.5,,,,5.0
L0300,5.0,5.0,4.5,4.5,,,4.5,5.0,5.0,5.0,5.0,5.0,5.0,5.0
L0301,3.5,4.0,2.5,2.5,5.0,2.0,3.0,2.5,3.5,3.0,3.0,2.0,3.0,2.5
L0302,,4.0,3.0,3.5,3.5,,3.5,4.5,5.0,4.5,,4.5,5.0,5.0
L0303,1.5,2.5,2.5,1.0,2.5,1.5,1.5,1.0,1.0,1.0,1.0,2.0,1.5,1.0
L0304,3.5,4.5,,4.0,5.0,4.5,,4.5,5.0,4.5,4.5,3.5,5.0,4.5
L0305,2.5,5.0,3.5,3.5,3.5,2.0,3.0,2.5,2.5,3.5,2.0,2.0,2.0,2.5
L0306,3.5,4.5,3.5,2.5,4.5,5.0,4.5,4.0,4.0,4.5,5.0,5.0,4.0,4.5
L0307,2.0,4.0,2.5,3.0,5.0,1.0,1.0,1.0,1.5,1.0,2.5,2.5,3.0,2.0
L0308,1.0,1.0,1.0,1.0,1.0,1.0,1.0,1.0,1.0,1.0,1.0,1.5,1.0,1.0
L0309,3.5,3.0,2.0,,3.0,3.0,4.0,4.5,4.5,3.0,4.5,5.0,5.0,5.0
L0310,3.5,5.0,4.5,4.5,5.0,3.0,3.5,3.5,4.0,5.0,5.0,3.5,3.5,5.0
L0311,3.0,4.0,,2.0,3.5,1.5,2.5,2.0,3.5,2.5,2.0,2.5,1.0,3.0
L0312,3.0,5.0,2.5,4.0,4.5,5.0,4.5,4.0,4.5,4.5,4.5,3.0,4.0,4.0
L0313,3.0,3.5,2.5,2.5,3.5,3.5,3.5,3.0,2.0,3.0,2.0,1.5,2.0,1.0
L0314,2.5,3.0,,1.0,3.0,1.5,2.5,1.5,3.5,1.5,,3.0,1.5,3.0
L0315,3.5,3.0,2.5,3.0,5.0,,2.5,1.5,2.0,1.0,2.0,3.5,3.0,1.5
L0316,2.5,3.0,2.5,2.5,2.5,1.0,1.0,1.0,2.0,1.5,2.0,4.0,4.0,1.5
L0317,,,3.0,3.5,5.0,5.0,4.0,3.5,,4.0,5.0,3.5,2.5,3.0
L0318,3.0,4.0,4.5,,4.5,,3.5,,3.5,3.5,2.5,3.0,4.5,2.0
L0319,1.0,2.0,1.5,1.0,1.0,1.0,1.0,1.0,1.5,1.0,2.0,1.5,1.0,1.0
L0320,1.0,2.5,2.0,2.5,3.0,3.0,2.5,3.0,4.5,3.0,5.0,4.5,5.0,3.5
L0321,2.0,3.5,3.0,2.5,3.0,2.0,3.0,2.5,3.0,2.0,5.0,4.5,3.0,1.5
L0322,3.5,2.0,2.5,2.5,3.0,2.0,2.5,3.0,5.0,2.5,5.0,5.0,5.0,4.5
L0323,3.0,3.0,2.0,2.0,3.0,2.0,2.0,2.5,2.5,,4.5,,3.0,3.0
L0324,5.0,5.0,5.0,5.0,5.0,4.5,5.0,4.5,5.0,5.0,,4.0,,
L0325,3.0,4.0,3.5,3.0,5.0,,2.5,3.5,4.5,2.5,4.5,5.0,4.5,3.5
L0326,5.0,4.0,4.5,5.0,5.0,3.5,4.0,3.5,4.5,4.0,5.0,5.0,5.0,4.0
L0327,3.5,4.5,3.0,4.5,2.5,,2.5,3.5,3.5,3.0,2.5,3.0,3.0,2.5
L0328,2.5,3.5,1.5,3.0,2.5,3.0,2.5,2.5,5.0,2.5,5.0,,,4.0
L0329,2.5,3.5,2.0,3.0,,,3.5,3.5,4.0,4.0,3.0,3.0,2.5,4.5
L0330,5.0,5.0,,4.5,,5.0,5.0,3.5,5.0,5.0,5.0,5.0,5.0,5.0
L0331,3.5,3.5,3.5,4.5,,2.5,3.5,4.0,4.0,,4.5,3.0,,3.5
L0332,3.0,5.0,4.0,2.0,3.0,3.0,,4.0,,4.0,5.0,5.0,4.0,3.5
L0333,3.5,5.0,3.5,3.5,5.0,3.0,3.0,3.0,2.5,3.0,1.5,2.5,2.5,1.0
L0334,3.0,3.5,3.5,3.0,2.5,3.0,3.0,2.5,2.0,3.0,3.5,3.0,3.0,3.5
L0335,3.0,4.5,4.0,4.0,4.5,2.5,3.0,2.5,3.0,3.5,3.5,3.0,5.0,3.0
L0336,,2.5,,3.5,3.0,5.0,3.5,4.5,4.0,4.5,5.0,,,
L0337,4.5,3.0,2.5,2.0,2.5,4.5,2.5,3.0,2.5,2.5,2.0,1.5,2.0,2.5
L0338,4.5,4.0,4.0,3.5,,3.5,3.0,2.0,4.0,3.0,,,3.5,3.0
L0339,3.0,3.5,3.5,,4.5,2.0,4.5,2.0,2.5,2.5,2.5,3.0,3.0,2.5
L0340,5.0,4.5,4.5,4.0,5.0,3.0,2.5,3.0,2.5,2.0,2.0,4.0,2.5,4.0
L0341,4.5,5.0,3.5,4.5,3.5,5.0,3.5,4.5,5.0,3.5,5.0,4.0,5.0,5.0
L0342,2.5,3.0,2.5,1.5,3.5,3.5,3.5,3.0,4.5,3.5,5.0,,4.5,
L0343,,4.5,2.0,5.0,5.0,3.0,1.5,3.0,2.0,4.0,3.0,,1.0,1.5
L0344,3.5,3.0,3.0,3.5,3.0,3.5,3.5,3.5,4.5,3.0,5.0,,,2.5
L0345,2.5,2.5,3.0,4.0,4.5,3.0,3.0,2.5,4.5,,3.5,4.5,,2.0
L0346,5.0,5.0,4.5,4.5,5.0,2.0,4.5,4.5,5.0,5.0,5.0,5.0,5.0,4.5
L0347,,,,3.0,4.5,3.0,4.0,3.0,4.5,3.5,5.0,4.0,4.0,4.0
L0348,2.5,3.0,2.0,1.5,4.5,3.0,2.5,3.0,5.0,2.0,5.0,3.5,2.0,3.5
L0349,2.0,2.5,2.0,2.5,3.5,4.5,2.5,2.5,3.5,3.0,4.5,,,
L0350,3.5,5.0,5.0,4.5,5.0,5.0,4.0,4.0,5.0,4.5,,5.0,,
L0351,1.0,2.0,,1.5,1.0,,2.0,2.0,2.0,2.0,1.5,2.0,1.0,2.5
L0352,5.0,5.0,4.5,4.5,5.0,5.0,4.5,5.0,,5.0,5.0,5.0,5.0,
L0353,5.0,5.0,3.5,3.5,5.0,,2.5,,5.0,,2.0,3.5,2.0,2.5
L0354,2.0,2.5,3.0,3.0,4.5,5.0,4.5,5.0,4.0,4.0,3.0,3.5,,4.5
L0355,2.5,3.5,,2.0,,4.5,3.5,4.5,,4.0,2.5,3.5,3.0,3.0
L0356,,2.0,1.0,2.0,1.0,2.0,2.5,1.5,3.0,2.5,2.5,3.0,2.0,2.5
L0357,1.0,2.5,1.5,1.5,2.5,2.5,4.5,2.5,4.0,3.0,2.0,,,1.5
L0358,,3.5,2.0,2.5,2.5,3.0,2.5,2.0,3.5,3.0,3.5,3.0,3.5,2.0
L0359,1.0,2.5,1.5,1.5,1.5,2.5,2.0,3.0,4.5,4.0,3.0,2.5,4.5,3.5
L0360,3.5,3.0,2.5,2.0,3.0,3.5,3.0,3.0,4.0,4.0,3.0,2.5,4.0,2.5
L0361,3.5,3.0,3.5,3.5,3.0,1.0,2.0,,3.5,1.0,1.5,1.5,1.0,2.5
L0362,1.0,2.0,1.0,1.5,1.5,2.0,3.0,2.0,3.0,2.5,3.5,3.5,3.5,3.0
L0363,2.0,3.0,3.0,2.5,3.5,3.5,3.0,3.0,5.0,4.5,5.0,,5.0,4.5
L0364,1.5,2.0,1.5,1.0,1.0,1.0,1.0,1.0,3.0,1.5,2.0,1.0,1.5,1.0
L0365,3.5,3.0,3.5,3.0,2.5,3.5,3.0,2.0,4.0,2.5,3.5,3.5,2.5,1.5
L0366,2.5,5.0,3.5,4.5,3.5,2.0,3.0,2.5,3.5,2.5,5.0,5.0,4.0,3.0
L0367,2.5,5.0,4.0,3.5,5.0,3.5,,,4.5,,4.5,,4.0,4.0
L0368,4.5,4.0,3.0,4.0,3.5,1.0,2.0,2.0,2.5,1.5,,,,3.5
L0369,,,3.5,2.0,3.0,1.0,1.5,1.5,4.0,2.5,1.5,3.0,1.5,2.5
L0370,2.0,3.0,2.5,3.0,3.0,5.0,3.5,5.0,5.0,3.5,4.5,3.5,3.0,4.0
L0371,3.0,3.0,3.0,2.5,2.5,5.0,5.0,4.5,5.0,5.0,5.0,4.0,3.5,4.0
L0372,1.0,3.5,4.0,2.0,3.5,4.5,4.0,4.5,4.0,4.0,5.0,4.0,4.0,4.0
L0373,3.0,4.0,3.5,3.0,4.5,,4.0,2.5,5.0,4.0,5.0,4.0,4.5,3.5
L0374,1.0,,,2.5,1.5,2.0,,3.0,4.0,2.5,2.5,,3.0,
L0375,3.0,,2.0,3.5,4.5,3.5,3.0,3.5,4.0,3.0,5.0,4.0,4.0,4.0
L0376,3.0,4.0,2.5,3.5,3.5,1.0,1.0,1.5,,2.5,,2.5,2.5,1.0
L0377,3.5,3.0,3.5,2.5,5.0,2.5,4.0,3.5,3.5,5.0,3.5,2.0,3.0,1.0
L0378,2.5,3.0,,3.0,4.5,,3.0,2.5,3.0,3.0,,3.5,3.0,2.5
L0379,,3.5,3.0,3.5,4.5,2.5,3.0,4.0,4.0,2.5,3.5,3.0,2.5,3.0
L0380,2.0,4.5,2.5,3.0,3.0,3.5,2.5,2.5,5.0,3.5,5.0,5.0,5.0,3.5
L0381,3.0,4.5,4.5,2.5,4.5,2.5,4.0,3.0,3.5,4.0,,5.0,3.5,3.5
L0382,2.5,3.0,3.0,2.0,5.0,1.0,1.0,1.0,1.0,1.0,1.0,2.0,1.0,1.0
L0383,4.5,4.5,3.0,4.0,3.5,5.0,4.0,5.0,4.5,5.0,4.5,2.5,4.0,3.5
L0384,2.5,2.0,2.0,2.5,2.0,2.0,2.0,1.5,1.5,2.0,1.5,2.0,2.5,2.5
L0385,2.0,3.5,1.5,1.0,3.5,3.5,5.0,2.5,5.0,2.5,3.0,3.5,3.5,3.5
L0386,3.0,3.5,2.5,3.0,3.5,,4.0,3.0,4.5,3.5,5.0,3.0,4.0,
L0387,2.5,3.5,3.0,3.5,5.0,3.5,5.0,4.5,5.0,4.0,5.0,5.0,3.5,3.5
L0388,1.5,3.5,,3.0,3.5,3.5,4.5,,5.0,4.0,5.0,4.5,4.5,4.5
L0389,3.5,3.0,2.5,4.0,4.5,3.5,2.5,2.5,4.0,3.0,4.5,4.0,3.5,5.0
L0390,4.5,2.5,2.5,3.5,4.5,5.0,3.0,4.5,4.5,5.0,5.0,4.5,3.5,
L0391,1.0,1.5,1.0,1.0,1.0,2.5,3.5,3.5,3.0,3.0,2.5,1.5,1.5,1.0
L0392,5.0,5.0,2.5,3.0,5.0,2.0,2.5,3.0,4.0,4.0,,5.0,5.0,5.0
L0393,,3.0,4.5,3.5,4.5,5.0,3.0,3.5,3.5,4.0,5.0,4.5,4.0,4.0
L0394,3.5,2.5,4.0,4.5,,,3.5,3.0,4.0,3.5,4.5,3.5,4.0,4.5
L0395,4.5,3.5,3.0,4.0,3.5,1.0,,1.0,2.0,2.0,3.5,,3.0,3.0
L0396,3.0,4.0,2.5,3.5,2.5,4.5,4.0,4.0,5.0,3.0,4.5,5.0,5.0,2.0
L0397,2.5,4.0,1.5,3.0,3.5,2.5,3.0,2.0,3.5,3.5,3.5,,4.0,2.0
L0398,3.5,4.0,4.5,4.0,3.0,4.5,4.0,3.0,4.0,4.0,,4.5,3.0,4.5
L0399,5.0,4.5,5.0,4.0,5.0,4.5,4.0,5.0,4.5,5.0,5.0,4.0,5.0,5.0
L0400,4.5,5.0,3.5,3.5,5.0,1.0,2.5,2.5,3.5,3.5,1.5,3.0,1.5,1.0
L0401,1.0,1.0,2.0,2.5,2.0,1.5,1.0,2.0,2.5,,1.5,2.0,,1.0
L0402,3.0,4.0,3.5,3.0,5.0,4.5,5.0,3.5,3.5,5.0,5.0,3.5,4.5,2.0
L0403,1.5,2.5,1.0,,3.0,1.0,2.0,1.5,2.5,,3.0,2.5,2.0,1.5
L0404,1.5,3.0,2.0,2.0,2.5,1.5,2.0,1.5,2.5,3.0,2.5,1.5,1.0,2.5
L0405,1.0,2.0,1.5,,,2.5,1.0,1.0,1.0,1.0,2.0,4.0,2.5,2.0
L0406,3.5,3.5,3.0,2.5,3.5,5.0,5.0,3.5,4.5,4.0,5.0,3.5,4.0,5.0
L0407,4.5,3.0,4.0,4.5,4.5,4.5,2.5,3.0,,4.0,5.0,5.0,3.5,4.5
L0408,5.0,4.5,4.0,4.0,5.0,2.0,2.5,2.0,3.0,1.5,3.5,1.5,1.0,2.5
L0409,1.5,3.0,1.5,1.0,2.0,1.0,2.5,2.5,3.0,1.0,1.0,2.5,1.5,3.0
L0410,4.5,4.0,4.0,4.0,,2.5,3.5,,3.0,3.5,2.5,3.0,1.0,3.5
L0411,1.5,3.5,2.0,,3.5,1.0,2.5,1.0,3.0,2.0,2.5,1.5,,1.0
L0412,2.0,3.0,2.0,2.0,3.0,2.5,4.0,3.5,5.0,3.0,5.0,4.0,5.0,4.5
L0413,4.5,4.0,3.0,3.0,3.5,3.0,3.5,4.5,3.5,2.5,3.5,3.0,3.5,4.5
L0414,3.5,3.5,3.5,3.0,4.5,2.5,1.0,2.0,3.5,2.5,3.5,4.5,2.5,3.0
L0415,3.0,3.5,2.5,3.5,5.0,4.5,4.0,3.5,4.0,4.5,3.5,2.0,3.0,3.0
L0416,,3.0,3.0,3.0,3.0,2.5,3.5,4.5,5.0,4.0,3.5,4.5,3.5,4.0
L0417,2.5,3.5,3.0,3.0,2.5,1.0,4.0,1.0,1.0,1.0,2.0,1.0,1.0,1.0
L0418,2.0,3.0,2.0,2.5,3.5,1.0,2.0,2.5,4.0,3.5,3.5,3.0,4.0,3.5
L0419,3.0,4.0,2.0,5.0,5.0,1.5,4.5,3.0,3.5,3.5,4.5,4.0,4.5,2.5
L0420,2.5,4.0,2.5,3.0,4.5,2.5,3.5,3.5,3.0,2.0,,1.5,1.0,3.0
L0421,2.5,4.0,2.5,2.5,3.0,,2.5,2.5,2.0,2.5,3.5,2.0,2.5,
L0422,4.5,4.0,4.0,3.5,5.0,2.5,3.0,2.5,4.5,2.5,5.0,3.0,5.0,3.5
L0423,1.5,4.0,,2.5,4.5,1.0,2.5,2.0,2.5,2.5,4.5,3.5,4.5,2.0
L0424,2.0,2.5,2.5,1.5,2.0,1.0,2.5,1.0,2.0,1.0,1.0,1.0,2.5,1.5
L0425,5.0,5.0,5.0,5.0,5.0,3.5,4.5,3.5,4.5,5.0,4.5,3.0,2.5,4.0
L0426,4.5,5.0,3.0,4.5,4.5,2.0,3.5,3.0,4.0,5.0,5.0,5.0,5.0,4.0
L0427,2.5,3.0,2.0,2.5,4.5,3.0,3.0,3.0,4.0,3.5,4.5,3.5,3.5,4.5
L0428,1.5,2.0,1.0,2.0,1.5,1.5,1.5,,2.0,2.5,3.0,3.5,2.5,3.0
L0429,3.0,3.5,3.0,3.5,4.5,4.5,2.0,3.5,4.0,3.5,4.5,2.5,3.5,3.0
L0430,3.5,3.5,3.5,4.5,3.0,1.0,1.5,1.0,3.0,2.5,2.0,2.0,1.0,1.0
L0431,2.5,4.0,2.0,3.5,2.5,4.5,4.0,3.0,3.5,,2.5,4.0,3.0,2.5
L0432,,3.0,3.0,3.5,3.0,2.5,2.5,3.5,5.0,4.5,5.0,,2.5,3.5
L0433,3.0,3.0,4.0,3.5,3.5,5.0,4.0,4.5,5.0,5.0,5.0,5.0,5.0,4.0
L0434,2.0,3.0,2.5,2.5,3.5,1.5,2.0,1.0,,2.0,2.5,2.5,3.0,1.0
L0435,4.5,3.5,3.0,4.5,5.0,3.0,1.5,3.0,2.5,3.0,3.5,1.5,2.5,3.5
L0436,5.0,5.0,4.5,4.0,5.0,3.5,2.0,3.0,4.5,5.0,5.0,5.0,4.0,5.0
L0437,2.0,2.5,1.5,2.0,4.5,3.5,1.0,3.0,2.5,2.5,4.5,3.0,2.5,2.5
L0438,,,,,,,,,,,,,,